{"rarity_rank":[[0.0,0.0,0.0,0.0,0.0,34.0,0.0,34.0,46.0,0.0,34.0,0.0,0.0,0.0,34.0,0.0,0.0,0.0,0.0,0.0,0.0,34.0,0.0,0.0,0.0,0.0,0.0,34.0,49.0,50.0,0.0,0.0,0.0,46.0,0.0,0.0,0.0,0.0,0.0,34.0,34.0,0.0,34.0,44.0,0.0,0.0,0.0,46.0,34.0,0.0,44.0],[14.0,14.0,14.0,14.0,14.0,14.0,14.0,14.0,14.0,14.0,14.0,14.0,6.0,2.0,14.0,14.0,6.0,14.0,14.0,6.0,14.0,14.0,14.0,14.0,6.0,14.0,0.0,2.0,14.0,14.0,14.0,14.0,14.0,14.0,14.0,14.0,6.0,2.0,14.0,2.0,6.0,6.0,6.0,14.0,14.0,0.0,14.0,14.0,14.0,14.0,14.0],[20.0,15.0,3.0,22.0,29.0,37.0,19.0,35.0,48.0,25.0,32.0,26.0,27.0,5.0,41.0,34.0,21.0,4.0,12.0,17.0,9.0,42.0,14.0,10.0,31.0,7.0,6.0,38.0,49.0,50.0,13.0,30.0,8.0,46.0,24.0,28.0,33.0,11.0,0.0,39.0,43.0,23.0,36.0,44.0,16.0,1.0,2.0,47.0,40.0,18.0,45.0],[19.0,12.0,2.0,26.0,33.0,33.0,16.0,35.0,48.0,17.0,12.0,32.0,31.0,3.0,43.0,47.0,22.0,6.0,5.0,15.0,11.0,40.0,8.0,21.0,38.0,18.0,1.0,27.0,49.0,50.0,20.0,36.0,7.0,42.0,30.0,29.0,39.0,9.0,4.0,28.0,44.0,22.0,24.0,41.0,10.0,0.0,14.0,46.0,37.0,25.0,45.0],[21.0,21.0,3.0,25.0,29.0,28.0,19.0,43.0,48.0,7.0,4.0,42.0,24.0,2.0,45.0,49.0,21.0,13.0,11.0,16.0,17.0,35.0,14.0,41.0,31.0,39.0,1.0,5.0,43.0,50.0,27.0,31.0,7.0,33.0,33.0,12.0,36.0,6.0,17.0,10.0,37.0,20.0,7.0,30.0,14.0,0.0,38.0,47.0,26.0,40.0,45.0]],"rarity_score":[[0.0,0.0,0.0,0.0,0.0,0.14285714285714285,0.0,0.14285714285714285,0.42857142857142855,0.0,0.14285714285714285,0.0,0.0,0.0,0.14285714285714285,0.0,0.0,0.0,0.0,0.0,0.0,0.14285714285714285,0.0,0.0,0.0,0.0,0.0,0.14285714285714285,0.7142857142857142,1.0,0.0,0.0,0.0,0.42857142857142855,0.0,0.0,0.0,0.0,0.0,0.14285714285714285,0.14285714285714285,0.0,0.14285714285714285,0.2857142857142857,0.0,0.0,0.0,0.42857142857142855,0.14285714285714285,0.0,0.2857142857142857],[1.0,1.0,1.0,1.0,1.0,1.0,1.0,1.0,1.0,1.0,1.0,1.0,0.782608695652174,0.7391304347826086,1.0,1.0,0.782608695652174,1.0,1.0,0.782608695652174,1.0,1.0,1.0,1.0,0.782608695652174,1.0,0.0,0.7391304347826086,1.0,1.0,1.0,1.0,1.0,1.0,1.0,1.0,0.782608695652174,0.7391304347826086,1.0,0.7391304347826086,0.782608695652174,0.782608695652174,0.782608695652174,1.0,1.0,0.0,1.0,1.0,1.0,1.0,1.0],[0.09992320548791071,0.06682422894984448,0.03248899569707487,0.11138747023577958,0.17057559332220373,0.26563714243080655,0.09562157835884817,0.21450850389999024,0.5485188634687603,0.131346741370025,0.1978323463380583,0.13375853766505194,0.1574140065313377,0.035276405544033204,0.3479679665506881,0.2113755583451994,0.10644428080432115,0.034212451843417716,0.055889740877513236,0.085312716389749,0.048130425196565435,0.36047279906351093,0.06403986374657901,0.04898155662751486,0.18547899171289575,0.04237734028137311,0.03933509784909362,0.2694425655291278,0.7561907091170408,1.0,0.05671596128687837,0.17945818846434453,0.047272096126128337,0.4555960375166798,0.12007796408211141,0.1630112183338915,0.19938531053001624,0.0512506427504462,0.0,0.2704968087256934,0.41009694907679467,0.11854733340511321,0.23597448817220243,0.44336697956334303,0.07972574303610389,0.018629171465298792,0.030443589481587617,0.4852301171836315,0.32421813147556217,0.0905845874415735,0.45065426100147615],[0.24023254715110948,0.19008918861366458,0.08113162785941243,0.29651656408416116,0.40017748167218453,0.40017748167218453,0.22647665990025156,0.4271764130392143,0.6748607588581874,0.22740070849141858,0.19008918861366458,0.37846266882220486,0.3689350209488399,0.08922925664201412,0.5708468961455853,0.6428544427579052,0.27050149261126616,0.13550498486579146,0.13263094152719443,0.217055753323578,0.18792827176090218,0.5211825250867189,0.16886025878138272,0.26026133654124095,0.4660014599895227,0.23780699999433152,0.06421215971362651,0.30475005754155315,0.7535790822081687,1.0,0.2576473081633164,0.4369053057438681,0.15090565990473104,0.5338522770408565,0.3534979558166483,0.32667868101978526,0.5139180520531504,0.17529164495845018,0.10561772472362414,0.3246094396401104,0.6037181565090911,0.27050149261126616,0.28286348089667634,0.5246677084110958,0.18792827176090213,0.0,0.20793281140723543,0.6352368280917278,0.4399938648296037,0.29379397945429325,0.6113767261157855],[0.5445544554455445,0.5445544554455445,0.287128712871287,0.6039603960396038,0.6435643564356435,0.6237623762376238,0.5346534653465345,0.7821782178217821,0.8514851485148514,0.37623762376237624,0.29702970297029696,0.7722772277227722,0.594059405940594,0.2574257425742574,0.8316831683168316,0.9306930693069304,0.5445544554455445,0.48514851485148514,0.46534653465346537,0.5148514851485148,0.5247524752475246,0.693069306930693,0.5049504950495048,0.7425742574257427,0.6732673267326731,0.7326732673267324,0.07920792079207922,0.3663366336633663,0.7821782178217821,1.0,0.6237623762376235,0.6732673267326731,0.37623762376237624,0.6732673267326732,0.6732673267326732,0.47524752475247506,0.7029702970297028,0.376237623762376,0.5247524752475246,0.405940594059406,0.7128712871287127,0.5346534653465346,0.37623762376237624,0.6633663366336632,0.5049504950495048,0.0,0.7227722772277225,0.8415841584158414,0.6138613861386137,0.7425742574257423,0.8316831683168316],[1.0,1.0,1.0,1.0,1.0,0.8571428571428572,1.0,0.8571428571428572,0.5714285714285714,1.0,0.8571428571428572,1.0,0.782608695652174,0.7391304347826086,0.8571428571428572,1.0,0.782608695652174,1.0,1.0,0.782608695652174,1.0,0.8571428571428572,1.0,1.0,0.782608695652174,1.0,0.0,0.5962732919254659,0.2857142857142858,0.0,1.0,1.0,1.0,0.5714285714285714,1.0,1.0,0.782608695652174,0.7391304347826086,1.0,0.5962732919254659,0.639751552795031,0.782608695652174,0.639751552795031,0.7142857142857143,1.0,0.0,1.0,0.5714285714285714,0.8571428571428572,1.0,0.7142857142857143]],"trait_independence":[[0.0,21.0261,58.1242,36.4146,12.5916,28.8693],[9.0695,0.0,23.685,15.5074,5.9914,12.5916],[41.562,15.1321,0.0,41.3372,14.0671,32.6702],[41.3498,3.9754,19.841,0.0,9.4877,21.0261],[9.5748,3.2308,10.9098,8.0491,0.0,7.8147],[23.8338,3.7098,26.5246,12.3302,3.07,0.0]],"trait_cramers_v":[[0.0,0.0,0.0,0.0,0.0,0.0],[0.2982,0.0,0.0,0.0,0.0,0.0],[0.3685,0.3852,0.0,0.0,0.0,0.0],[0.4502,0.1974,0.3119,0.0,0.0,0.0],[0.4333,0.2517,0.4625,0.3973,0.0,0.0],[0.3947,0.1907,0.4164,0.2839,0.2453,0.0]],